{
  "train_loss": [
    4.56896,
    4.236667,
    4.050093,
    3.87688,
    3.725813,
    3.599462,
    3.492721,
    3.407367,
    3.314396,
    3.246241,
    3.17904,
    3.106775,
    3.04832,
    2.994928,
    2.944236,
    2.906142,
    2.856317,
    2.816998,
    2.782305,
    2.741498,
    2.707027,
    2.674756,
    2.643179,
    2.621906,
    2.593125,
    2.574167,
    2.547964,
    2.527774,
    2.504919,
    2.488505,
    2.471946,
    2.451077,
    2.433673,
    2.424062,
    2.402676,
    2.398485,
    2.385372,
    2.37594,
    2.361173,
    2.350829,
    2.351287,
    2.340055,
    2.331328,
    2.332306,
    2.321288,
    2.319303,
    2.315848,
    2.318672,
    2.315204,
    2.314031
  ],
  "val_loss": [
    4.148659,
    3.874512,
    3.673734,
    3.482609,
    3.274171,
    3.185758,
    3.046479,
    2.944131,
    2.854113,
    2.797979,
    2.705687,
    2.683109,
    2.597998,
    2.549032,
    2.512395,
    2.483796,
    2.443793,
    2.384471,
    2.382823,
    2.349774,
    2.292452,
    2.285435,
    2.252913,
    2.243468,
    2.214139,
    2.195808,
    2.180916,
    2.176282,
    2.155678,
    2.136199,
    2.123585,
    2.120983,
    2.107823,
    2.096074,
    2.085451,
    2.080165,
    2.06828,
    2.067087,
    2.067687,
    2.059995,
    2.054346,
    2.055832,
    2.04845,
    2.04018,
    2.043812,
    2.042251,
    2.041117,
    2.040381,
    2.040808,
    2.040183
  ],
  "train_acc": [
    0.0316,
    0.063156,
    0.094,
    0.125489,
    0.159111,
    0.185333,
    0.212356,
    0.230356,
    0.250622,
    0.268133,
    0.285911,
    0.301533,
    0.320667,
    0.333689,
    0.345511,
    0.356267,
    0.370289,
    0.378689,
    0.389467,
    0.399,
    0.408489,
    0.419711,
    0.427511,
    0.4324,
    0.444511,
    0.447267,
    0.454378,
    0.457933,
    0.467044,
    0.469444,
    0.477578,
    0.485733,
    0.487911,
    0.491711,
    0.494244,
    0.496756,
    0.501667,
    0.503022,
    0.508867,
    0.512067,
    0.509778,
    0.516644,
    0.516733,
    0.514911,
    0.519222,
    0.519844,
    0.519711,
    0.521889,
    0.522844,
    0.521689
  ],
  "val_acc": [
    0.0686,
    0.1258,
    0.1696,
    0.2052,
    0.2624,
    0.2828,
    0.314,
    0.3388,
    0.3684,
    0.376,
    0.408,
    0.4066,
    0.4276,
    0.4502,
    0.462,
    0.4636,
    0.4732,
    0.4942,
    0.4972,
    0.5038,
    0.5214,
    0.5192,
    0.5282,
    0.5382,
    0.541,
    0.5462,
    0.5506,
    0.5514,
    0.5554,
    0.5654,
    0.567,
    0.5716,
    0.5684,
    0.577,
    0.5818,
    0.5816,
    0.5848,
    0.5852,
    0.5842,
    0.5884,
    0.5894,
    0.5906,
    0.592,
    0.5898,
    0.5934,
    0.5916,
    0.5936,
    0.5946,
    0.5924,
    0.5936
  ],
  "epoch_time": [
    43.16,
    43.08,
    42.36,
    41.12,
    41.76,
    41.25,
    41.11,
    40.91,
    41.34,
    41.39,
    41.14,
    41.93,
    41.39,
    41.15,
    41.13,
    42.65,
    41.08,
    41.52,
    41.37,
    41.3,
    41.12,
    41.72,
    41.25,
    40.93,
    41.41,
    41.43,
    41.1,
    41.26,
    41.2,
    41.82,
    41.82,
    41.45,
    41.22,
    41.0,
    41.56,
    41.26,
    40.95,
    41.39,
    41.52,
    40.83,
    41.4,
    41.25,
    41.17,
    41.33,
    42.03,
    41.45,
    41.24,
    41.94,
    41.5,
    41.29
  ],
  "lr": [
    0.001,
    0.00099901,
    0.00099606,
    0.00099115,
    0.00098431,
    0.00097555,
    0.00096492,
    0.00095246,
    0.00093822,
    0.00092224,
    0.0009046,
    0.00088537,
    0.00086462,
    0.00084243,
    0.00081889,
    0.0007941,
    0.00076815,
    0.00074114,
    0.00071318,
    0.00068438,
    0.00065485,
    0.00062472,
    0.0005941,
    0.0005631,
    0.00053186,
    0.0005005,
    0.00046914,
    0.0004379,
    0.0004069,
    0.00037628,
    0.00034615,
    0.00031662,
    0.00028782,
    0.00025986,
    0.00023285,
    0.0002069,
    0.00018211,
    0.00015857,
    0.00013638,
    0.00011563,
    9.64e-05,
    7.876e-05,
    6.278e-05,
    4.854e-05,
    3.608e-05,
    2.545e-05,
    1.669e-05,
    9.85e-06,
    4.94e-06,
    1.99e-06
  ]
}