{
  "train_loss": [
    4.604537,
    4.353641,
    4.243074,
    4.129739,
    4.070528,
    3.989075,
    3.928397,
    3.846318,
    3.80058,
    3.73921,
    3.708765,
    3.652196,
    3.632286,
    3.622227,
    3.557767,
    3.509776,
    3.476296,
    3.481786,
    3.445726,
    3.438278,
    3.402254,
    3.373665,
    3.377197,
    3.379157,
    3.337469,
    3.314837,
    3.329149,
    3.246452,
    3.263124,
    3.231096,
    3.265024,
    3.188632,
    3.200505,
    3.195014,
    3.211891,
    3.180234,
    3.157494,
    3.158,
    3.127249,
    3.165229,
    3.125995,
    3.136696,
    3.073977,
    3.102216,
    3.154633,
    3.097728,
    3.13626,
    3.142862,
    3.117208,
    3.0687
  ],
  "val_loss": [
    4.20694,
    4.048008,
    3.862676,
    3.74924,
    3.598049,
    3.495797,
    3.408417,
    3.308082,
    3.202835,
    3.167611,
    3.122745,
    3.007823,
    2.955702,
    2.908029,
    2.867435,
    2.817736,
    2.779036,
    2.737531,
    2.693235,
    2.67035,
    2.655985,
    2.601781,
    2.587494,
    2.562584,
    2.536342,
    2.506659,
    2.510939,
    2.46301,
    2.481868,
    2.445713,
    2.435137,
    2.401087,
    2.397765,
    2.401922,
    2.399594,
    2.378309,
    2.343273,
    2.348343,
    2.370934,
    2.370909,
    2.335976,
    2.325728,
    2.327545,
    2.340475,
    2.327197,
    2.338874,
    2.34305,
    2.317271,
    2.343973,
    2.317545
  ],
  "train_acc": [
    0.028289,
    0.055244,
    0.073911,
    0.092333,
    0.110956,
    0.129267,
    0.143422,
    0.164667,
    0.172333,
    0.1876,
    0.197978,
    0.213667,
    0.2222,
    0.226711,
    0.236844,
    0.2488,
    0.256133,
    0.262511,
    0.270489,
    0.273756,
    0.284778,
    0.289933,
    0.298644,
    0.298111,
    0.3046,
    0.308733,
    0.311022,
    0.323356,
    0.322756,
    0.331111,
    0.3272,
    0.342956,
    0.3394,
    0.342867,
    0.339933,
    0.343044,
    0.350356,
    0.353444,
    0.356178,
    0.353622,
    0.362889,
    0.358911,
    0.366956,
    0.361156,
    0.3558,
    0.363089,
    0.358533,
    0.356578,
    0.3612,
    0.374156
  ],
  "val_acc": [
    0.0644,
    0.0898,
    0.1346,
    0.1596,
    0.1874,
    0.2102,
    0.2334,
    0.267,
    0.2782,
    0.3006,
    0.3042,
    0.3452,
    0.3494,
    0.364,
    0.3722,
    0.3858,
    0.3844,
    0.3964,
    0.411,
    0.4148,
    0.4212,
    0.4398,
    0.4448,
    0.4484,
    0.455,
    0.4636,
    0.4608,
    0.4724,
    0.4678,
    0.4794,
    0.4774,
    0.4892,
    0.492,
    0.4926,
    0.4952,
    0.5,
    0.5044,
    0.5098,
    0.5042,
    0.5046,
    0.5098,
    0.5094,
    0.5122,
    0.5116,
    0.5116,
    0.5118,
    0.5108,
    0.5102,
    0.511,
    0.511
  ],
  "epoch_time": [
    42.95,
    41.79,
    41.71,
    41.6,
    41.65,
    41.76,
    41.57,
    41.69,
    41.67,
    41.66,
    41.57,
    42.16,
    41.56,
    41.6,
    41.74,
    41.68,
    41.94,
    41.74,
    41.9,
    41.74,
    42.02,
    42.01,
    41.98,
    42.0,
    41.93,
    42.61,
    41.8,
    41.99,
    41.81,
    41.82,
    42.07,
    42.11,
    41.93,
    41.94,
    42.01,
    42.09,
    42.0,
    42.08,
    44.2,
    43.86,
    42.47,
    43.12,
    42.93,
    42.97,
    43.13,
    42.44,
    42.26,
    42.22,
    42.4,
    43.62
  ],
  "lr": [
    0.001,
    0.00099901,
    0.00099606,
    0.00099115,
    0.00098431,
    0.00097555,
    0.00096492,
    0.00095246,
    0.00093822,
    0.00092224,
    0.0009046,
    0.00088537,
    0.00086462,
    0.00084243,
    0.00081889,
    0.0007941,
    0.00076815,
    0.00074114,
    0.00071318,
    0.00068438,
    0.00065485,
    0.00062472,
    0.0005941,
    0.0005631,
    0.00053186,
    0.0005005,
    0.00046914,
    0.0004379,
    0.0004069,
    0.00037628,
    0.00034615,
    0.00031662,
    0.00028782,
    0.00025986,
    0.00023285,
    0.0002069,
    0.00018211,
    0.00015857,
    0.00013638,
    0.00011563,
    9.64e-05,
    7.876e-05,
    6.278e-05,
    4.854e-05,
    3.608e-05,
    2.545e-05,
    1.669e-05,
    9.85e-06,
    4.94e-06,
    1.99e-06
  ],
  "noise_prob": 0.25,
  "noise_variance": 0.05,
  "use_mixup": true
}