{
  "train_loss": [
    4.647562,
    2.276123
  ],
  "val_loss": [
    2.514435,
    1.667727
  ],
  "train_acc": [
    0.007812,
    0.996094
  ],
  "val_acc": [
    0.941406,
    1.0
  ],
  "epoch_time": [
    2.45,
    0.03
  ],
  "lr": [
    0.001,
    0.0005005
  ]
}