{
  "train_loss": [
    2.730592,
    2.28051,
    2.167836,
    2.088248,
    2.027778,
    1.98173,
    1.939551,
    1.898364,
    1.86812,
    1.831157,
    1.812478,
    1.791378,
    1.772408,
    1.76234,
    1.756131
  ],
  "val_loss": [
    2.263698,
    2.117794,
    2.062009,
    2.04867,
    1.998718,
    1.961889,
    1.941105,
    1.937588,
    1.934411,
    1.898334,
    1.903188,
    1.89793,
    1.867021,
    1.885588,
    1.892181
  ],
  "train_acc": [
    0.427911,
    0.550133,
    0.586111,
    0.609867,
    0.627467,
    0.645133,
    0.6584,
    0.672778,
    0.681756,
    0.6956,
    0.705178,
    0.709133,
    0.717133,
    0.720244,
    0.724733
  ],
  "val_acc": [
    0.5544,
    0.5986,
    0.6198,
    0.6242,
    0.639,
    0.6486,
    0.6626,
    0.6562,
    0.6638,
    0.6774,
    0.674,
    0.6754,
    0.679,
    0.678,
    0.676
  ],
  "epoch_time": [
    264.11,
    257.46,
    256.39,
    263.79,
    292.59,
    265.71,
    255.53,
    256.12,
    258.36,
    258.46,
    257.66,
    256.34,
    258.09,
    256.91,
    257.25
  ],
  "lr": [
    0.001,
    0.00098908,
    0.00095682,
    0.0009046,
    0.00083473,
    0.00075025,
    0.00065485,
    0.00055271,
    0.00044829,
    0.00034615,
    0.00025075,
    0.00016627,
    9.64e-05,
    4.418e-05,
    1.192e-05
  ]
}