{
  "train_loss": [
    1.729369,
    1.572588,
    1.460159,
    1.386015,
    1.317324,
    1.260332,
    1.215225,
    1.175808,
    1.141269,
    1.111706,
    1.088729,
    1.066311,
    1.04736,
    1.031774,
    1.018202,
    1.003766,
    0.993382,
    0.983832,
    0.975834,
    0.96942,
    0.964975,
    0.962104
  ],
  "val_loss": [
    1.809241,
    1.675026,
    1.594166,
    1.566894,
    1.5191,
    1.506778,
    1.5073,
    1.482755,
    1.476592,
    1.452836,
    1.447504,
    1.439112,
    1.441037,
    1.444243,
    1.429719,
    1.426699,
    1.434181,
    1.431434,
    1.420727,
    1.428904,
    1.429304,
    1.42862
  ],
  "train_acc": [
    0.724533,
    0.773844,
    0.8126,
    0.836911,
    0.860867,
    0.88,
    0.898133,
    0.913356,
    0.9262,
    0.937244,
    0.945844,
    0.953867,
    0.960044,
    0.965711,
    0.969644,
    0.976,
    0.978311,
    0.980467,
    0.982044,
    0.985267,
    0.984378,
    0.985822
  ],
  "val_acc": [
    0.6906,
    0.7366,
    0.7608,
    0.768,
    0.7812,
    0.7878,
    0.789,
    0.7972,
    0.798,
    0.8044,
    0.8032,
    0.8178,
    0.8142,
    0.8096,
    0.8132,
    0.8164,
    0.8158,
    0.8138,
    0.8156,
    0.8172,
    0.817,
    0.8168
  ],
  "epoch_time": [
    694.4,
    690.19,
    697.99,
    687.52,
    692.78,
    694.87,
    691.86,
    691.1,
    689.09,
    688.36,
    695.77,
    689.66,
    690.89,
    689.14,
    701.11,
    688.84,
    694.08,
    693.01,
    694.53,
    690.91,
    690.74,
    691.91
  ],
  "lr": [
    1e-05,
    9.96e-06,
    9.86e-06,
    9.68e-06,
    9.44e-06,
    9.14e-06,
    8.78e-06,
    8.37e-06,
    7.91e-06,
    7.42e-06,
    6.89e-06,
    6.34e-06,
    5.78e-06,
    5.22e-06,
    4.66e-06,
    4.11e-06,
    3.58e-06,
    3.09e-06,
    2.63e-06,
    2.22e-06,
    1.86e-06,
    1.56e-06
  ]
}