{
  "train_loss": [
    2.730592,
    2.28051,
    2.167836,
    2.088248,
    2.027778,
    1.98173,
    1.939551,
    1.898364,
    1.86812,
    1.831157,
    1.812478,
    1.791378,
    1.772408,
    1.76234,
    1.756131,
    1.729369,
    1.572588,
    1.460159,
    1.386015,
    1.317324,
    1.260332,
    1.215225,
    1.175808,
    1.141269,
    1.111706,
    1.088729,
    1.066311,
    1.04736,
    1.031774,
    1.018202,
    1.003766,
    0.993382,
    0.983832,
    0.975834,
    0.96942,
    0.964975,
    0.962104
  ],
  "val_loss": [
    2.263698,
    2.117794,
    2.062009,
    2.04867,
    1.998718,
    1.961889,
    1.941105,
    1.937588,
    1.934411,
    1.898334,
    1.903188,
    1.89793,
    1.867021,
    1.885588,
    1.892181,
    1.809241,
    1.675026,
    1.594166,
    1.566894,
    1.5191,
    1.506778,
    1.5073,
    1.482755,
    1.476592,
    1.452836,
    1.447504,
    1.439112,
    1.441037,
    1.444243,
    1.429719,
    1.426699,
    1.434181,
    1.431434,
    1.420727,
    1.428904,
    1.429304,
    1.42862
  ],
  "train_acc": [
    0.427911,
    0.550133,
    0.586111,
    0.609867,
    0.627467,
    0.645133,
    0.6584,
    0.672778,
    0.681756,
    0.6956,
    0.705178,
    0.709133,
    0.717133,
    0.720244,
    0.724733,
    0.724533,
    0.773844,
    0.8126,
    0.836911,
    0.860867,
    0.88,
    0.898133,
    0.913356,
    0.9262,
    0.937244,
    0.945844,
    0.953867,
    0.960044,
    0.965711,
    0.969644,
    0.976,
    0.978311,
    0.980467,
    0.982044,
    0.985267,
    0.984378,
    0.985822
  ],
  "val_acc": [
    0.5544,
    0.5986,
    0.6198,
    0.6242,
    0.639,
    0.6486,
    0.6626,
    0.6562,
    0.6638,
    0.6774,
    0.674,
    0.6754,
    0.679,
    0.678,
    0.676,
    0.6906,
    0.7366,
    0.7608,
    0.768,
    0.7812,
    0.7878,
    0.789,
    0.7972,
    0.798,
    0.8044,
    0.8032,
    0.8178,
    0.8142,
    0.8096,
    0.8132,
    0.8164,
    0.8158,
    0.8138,
    0.8156,
    0.8172,
    0.817,
    0.8168
  ],
  "epoch_time": [
    264.11,
    257.46,
    256.39,
    263.79,
    292.59,
    265.71,
    255.53,
    256.12,
    258.36,
    258.46,
    257.66,
    256.34,
    258.09,
    256.91,
    257.25,
    694.4,
    690.19,
    697.99,
    687.52,
    692.78,
    694.87,
    691.86,
    691.1,
    689.09,
    688.36,
    695.77,
    689.66,
    690.89,
    689.14,
    701.11,
    688.84,
    694.08,
    693.01,
    694.53,
    690.91,
    690.74,
    691.91
  ],
  "lr": [
    0.001,
    0.00098908,
    0.00095682,
    0.0009046,
    0.00083473,
    0.00075025,
    0.00065485,
    0.00055271,
    0.00044829,
    0.00034615,
    0.00025075,
    0.00016627,
    9.64e-05,
    4.418e-05,
    1.192e-05,
    1e-05,
    9.96e-06,
    9.86e-06,
    9.68e-06,
    9.44e-06,
    9.14e-06,
    8.78e-06,
    8.37e-06,
    7.91e-06,
    7.42e-06,
    6.89e-06,
    6.34e-06,
    5.78e-06,
    5.22e-06,
    4.66e-06,
    4.11e-06,
    3.58e-06,
    3.09e-06,
    2.63e-06,
    2.22e-06,
    1.86e-06,
    1.56e-06
  ],
  "phase_a_epochs": 15,
  "phase_b_epochs": 22
}