{
  "train_loss": [
    3.739632,
    2.880468,
    2.651391,
    2.541491,
    2.466045,
    2.403173,
    2.362448,
    2.316272,
    2.291529,
    2.263592,
    2.232865,
    2.209455,
    2.177138,
    2.157459,
    2.145612,
    2.126609,
    2.106579,
    2.084732,
    2.066983,
    2.054442,
    2.038668,
    2.025532,
    2.010399,
    1.989814,
    1.986047,
    1.976171,
    1.963188,
    1.94927,
    1.935924,
    1.927866,
    1.91709,
    1.904995,
    1.895063,
    1.888571,
    1.876481,
    1.865339,
    1.865008,
    1.852253
  ],
  "val_loss": [
    2.593376,
    2.304434,
    2.192959,
    2.139461,
    2.1036,
    2.081156,
    2.059576,
    2.053902,
    2.039532,
    2.027278,
    2.02052,
    2.016445,
    2.005489,
    1.993814,
    1.993786,
    1.999192,
    1.997434,
    1.985305,
    1.994449,
    1.98825,
    1.983087,
    1.981899,
    1.980769,
    1.982081,
    1.978044,
    1.980371,
    1.982837,
    1.985885,
    1.979152,
    1.978492,
    1.983966,
    1.984721,
    1.98731,
    1.982746,
    1.987908,
    1.985682,
    1.988172,
    1.992212
  ],
  "train_acc": [
    0.187911,
    0.3662,
    0.426978,
    0.458578,
    0.481489,
    0.499533,
    0.509911,
    0.5286,
    0.533467,
    0.544422,
    0.5546,
    0.559822,
    0.567978,
    0.575822,
    0.578778,
    0.586067,
    0.593622,
    0.5982,
    0.604778,
    0.608933,
    0.612956,
    0.619022,
    0.623444,
    0.631556,
    0.6326,
    0.635,
    0.6382,
    0.646489,
    0.647333,
    0.651933,
    0.655756,
    0.659133,
    0.662733,
    0.665222,
    0.670356,
    0.673089,
    0.6726,
    0.675133
  ],
  "val_acc": [
    0.4488,
    0.5362,
    0.567,
    0.5796,
    0.5868,
    0.5976,
    0.5978,
    0.6052,
    0.607,
    0.61,
    0.6122,
    0.6124,
    0.6176,
    0.6212,
    0.622,
    0.6228,
    0.6216,
    0.6228,
    0.6176,
    0.6246,
    0.6232,
    0.6246,
    0.627,
    0.6256,
    0.6256,
    0.6242,
    0.6208,
    0.6208,
    0.6224,
    0.6236,
    0.624,
    0.6196,
    0.621,
    0.6238,
    0.6208,
    0.6232,
    0.6242,
    0.6256
  ],
  "epoch_time": [
    1.45,
    0.64,
    0.63,
    0.62,
    0.61,
    0.61,
    0.62,
    0.63,
    0.61,
    0.61,
    0.61,
    0.62,
    0.61,
    0.62,
    0.63,
    0.62,
    0.69,
    0.64,
    0.61,
    0.87,
    0.84,
    0.85,
    0.74,
    1.67,
    0.71,
    0.72,
    0.73,
    0.72,
    0.72,
    0.68,
    0.61,
    0.68,
    1.23,
    0.78,
    0.67,
    0.62,
    0.62,
    0.64
  ],
  "lr": [
    0.00099932,
    0.00099726,
    0.00099385,
    0.00098908,
    0.00098298,
    0.00097555,
    0.00096682,
    0.00095682,
    0.00094556,
    0.00093308,
    0.00091942,
    0.0009046,
    0.00088868,
    0.0008717,
    0.0008537,
    0.00083473,
    0.00081485,
    0.0007941,
    0.00077255,
    0.00075025,
    0.00072727,
    0.00070366,
    0.0006795,
    0.00065485,
    0.00062978,
    0.00060435,
    0.00057864,
    0.00055271,
    0.00052664,
    0.0005005,
    0.00047436,
    0.00044829,
    0.00042236,
    0.00039665,
    0.00037122,
    0.00034615,
    0.0003215,
    0.00029734
  ]
}