{
  "rnn_learned": {
    "cm": [
      [
        10045,
        2455
      ],
      [
        3263,
        9237
      ]
    ],
    "acc": 0.77128,
    "pos": {
      "precision": 0.7900273691412932,
      "recall": 0.73896,
      "f1-score": 0.763640873015873
    },
    "neg": {
      "precision": 0.7548091373609859,
      "recall": 0.8036,
      "f1-score": 0.7784407935523868
    },
    "macro_f1": 0.7710408332841299
  },
  "lstm_learned": {
    "cm": [
      [
        10694,
        1806
      ],
      [
        1460,
        11040
      ]
    ],
    "acc": 0.86936,
    "pos": {
      "precision": 0.8594114899579636,
      "recall": 0.8832,
      "f1-score": 0.8711433756805808
    },
    "neg": {
      "precision": 0.8798749382919203,
      "recall": 0.85552,
      "f1-score": 0.8675265676969255
    },
    "macro_f1": 0.8693349716887531
  },
  "attention_learned": {
    "cm": [
      [
        11261,
        1239
      ],
      [
        2092,
        10408
      ]
    ],
    "acc": 0.86676,
    "pos": {
      "precision": 0.8936206748518932,
      "recall": 0.83264,
      "f1-score": 0.8620532571333913
    },
    "neg": {
      "precision": 0.8433310866471954,
      "recall": 0.90088,
      "f1-score": 0.8711561520906664
    },
    "macro_f1": 0.8666047046120289
  },
  "rnn_word2vec": {
    "cm": [
      [
        9996,
        2504
      ],
      [
        1428,
        11072
      ]
    ],
    "acc": 0.84272,
    "pos": {
      "precision": 0.8155568650559811,
      "recall": 0.88576,
      "f1-score": 0.8492100015339776
    },
    "neg": {
      "precision": 0.875,
      "recall": 0.79968,
      "f1-score": 0.8356462130078582
    },
    "macro_f1": 0.8424281072709179
  },
  "rnn_glove": {
    "cm": [
      [
        9087,
        3413
      ],
      [
        2052,
        10448
      ]
    ],
    "acc": 0.7814,
    "pos": {
      "precision": 0.7537695692951446,
      "recall": 0.83584,
      "f1-score": 0.792686165168241
    },
    "neg": {
      "precision": 0.8157823862106114,
      "recall": 0.72696,
      "f1-score": 0.7688142476416092
    },
    "macro_f1": 0.7807502064049251
  },
  "lstm_word2vec": {
    "cm": [
      [
        11344,
        1156
      ],
      [
        1941,
        10559
      ]
    ],
    "acc": 0.87612,
    "pos": {
      "precision": 0.9013230900554844,
      "recall": 0.84472,
      "f1-score": 0.8721040677266158
    },
    "neg": {
      "precision": 0.8538953707188559,
      "recall": 0.90752,
      "f1-score": 0.8798914097343417
    },
    "macro_f1": 0.8759977387304787
  },
  "lstm_glove": {
    "cm": [
      [
        11230,
        1270
      ],
      [
        1981,
        10519
      ]
    ],
    "acc": 0.86996,
    "pos": {
      "precision": 0.8922724573755195,
      "recall": 0.84152,
      "f1-score": 0.8661534027749187
    },
    "neg": {
      "precision": 0.8500492014230565,
      "recall": 0.8984,
      "f1-score": 0.873556065497258
    },
    "macro_f1": 0.8698547341360883
  },
  "attention_word2vec": {
    "cm": [
      [
        10607,
        1893
      ],
      [
        1137,
        11363
      ]
    ],
    "acc": 0.8788,
    "pos": {
      "precision": 0.8571967410983705,
      "recall": 0.90904,
      "f1-score": 0.8823575089299581
    },
    "neg": {
      "precision": 0.9031846049046321,
      "recall": 0.84856,
      "f1-score": 0.8750206236594621
    },
    "macro_f1": 0.8786890662947101
  },
  "attention_glove": {
    "cm": [
      [
        11333,
        1167
      ],
      [
        1859,
        10641
      ]
    ],
    "acc": 0.87896,
    "pos": {
      "precision": 0.9011686991869918,
      "recall": 0.85128,
      "f1-score": 0.875514233997038
    },
    "neg": {
      "precision": 0.8590812613705275,
      "recall": 0.90664,
      "f1-score": 0.8822201463490581
    },
    "macro_f1": 0.878867190173048
  }
}